Date,Team,Against,HomeAway,Odds,Player,Win,EarlyPayout,
26/12/2024,Birmingham,Burton Albion,H,1.25,Alec,1,0,
26/12/2024,Chelsea,Fulham,H,1.48,Lee,0,0,
04/01/2025,Barnsley,Crawley Town,H,1.42,Alec,1,0,
26/12/2024,Huddersfield,Stockport,H,2.3,Bailey,1,0,
29/12/2024,Leeds,Derby,A,1.62,Bailey,1,0,
04/01/2025,Nottm Forest,Wolverhampton,A,2.3,Bailey,1,0,
26/12/2024,Watford,Portsmouth,H,1.833333333,Ben,1,0,
26/12/2024,Man Utd,Wolverhampton,A,1.8,Sam,0,0,
26/12/2024,Rangers,St Mirren,A,1.4,Scuba,0,0,
26/12/2024,Leeds,Stoke,A,1.444444444,Doug,1,0,
26/12/2024,Middlesborough,Sheff Wed,H,1.75,Welshy,1,1,
04/01/2025,Leyton Orient,Shrewsbury,H,1.5,Doug,1,0,
26/12/2024,Rochdale,AFC Fylde,A,1.909090909,Harry,1,0,
29/12/2024,Nottm Forest,Everton,A,2.7,Harry,1,0,
04/01/2025,Aston Villa,Leicester,H,1.33,Harry,1,0,
26/12/2024,Nottm Forest,Tottenham,H,2.1,Hook,1,0,
29/12/2024,Oxford Utd,Plymouth,H,1.8,Hook,1,0,
29/12/2024,Huddersfield,Burton Albion,H,1.4,Alec,0,0,
26/12/2024,Wrexham,Blackpool,H,2.15,James,1,0,
29/12/2024,Sunderland,Stoke,A,2.1,Ben,0,0,
04/01/2025,Birmingham,Wigan,A,1.85,James,1,0,
29/12/2024,Birmingham,Blackpool,H,1.45,Doug,0,0,
29/12/2024,Watford,Cardiff,H,1.73,James,0,0,
04/01/2025,Bournemouth,Everton,H,1.67,Lee,1,0,
29/12/2024,Fulham,Bournemouth,H,2.38,Lee,0,0,
29/12/2024,Liverpool,West Ham,A,1.36,Sam,1,0,
04/01/2025,Man City,West Ham,H,1.29,Sam,1,0,
29/12/2024,Chelsea,Ipswich,A,1.4,Scuba,0,0,
29/12/2024,Blackburn,Hull,H,1.91,Welshy,0,0,
04/01/2025,Wrexham,Peterborough,H,1.53,Scuba,1,0,
04/01/2025,Chelsea,Crystal Palace,A,1.95,Ben,0,0,
04/01/2025,Sheff Wed,Millwall,H,2.25,Hook,0,0,
04/01/2025,Brentford,Southampton,A,2.2,Welshy,1,0,
18/01/2025,West Ham,Crystal Palace,H,2.7,Harry,0,0,
18/01/2025,Liverpool,Brentford,A,1.48,Welshy,1,0,
18/01/2025,Fulham,Leicester,A,1.8,Sam,1,0,
18/01/2025,Coventry,Bristol City,H,2.2,Ben,1,0,
18/01/2025,Middlesborough,Portsmouth,A,1.8,Bailey,0,0,
18/01/2025,Sheff Utd,Norwich,H,2.05,Lee,1,0,
18/01/2025,Birmingham,Exeter,H,1.363636364,James,1,0,
18/01/2025,Barnsley,Bristol Rovers,A,1.8,Alec,0,0,
18/01/2025,Reading,Stockport,H,3.3,Hook,0,0,
18/01/2025,Walsall,Milton Keynes Dons,H,1.8,Doug,1,0,
18/01/2025,Atletico Madrid,Leganes,A,1.48,Scuba,0,0,
25/01/2025,Barnsley,Stevenage,H,1.95,Ben,0,0,
25/01/2025,Liverpool,Ipswich,H,1.111111111,Sam,1,0,
25/01/2025,Brighton,Everton,H,1.666666667,Lee,0,0,
25/01/2025,Newcastle,Southampton,A,1.45,Bailey,1,0,
25/01/2025,Man City,Chelsea,H,2.15,Hook,1,0,
25/01/2025,West Brom,Portsmouth,H,1.55,James,1,0,
25/01/2025,Sunderland,Plymouth,H,1.222222222,Welshy,0,0,
25/01/2025,Wycombe,Northampton,H,1.4,Harry,0,0,
25/01/2025,Stockport,Crawley Town,H,1.4,Alec,1,0,
25/01/2025,Atletico Madrid,Villareal,H,1.75,Scuba,0,0,
25/01/2025,PSG,Reims,H,1.181818182,Doug,0,0,
01/02/2025,Atletico Madrid,Mallorca,H,1.45,Scuba,1,0,
01/02/2025,Liverpool,Bournemouth,A,1.727272727,Sam,1,0,
01/02/2025,Newcastle,Fulham,H,1.7,Lee,0,0,
01/02/2025,Brentford,Tottenham,H,2,Harry,0,0,
01/02/2025,Sheff Wed,Luton,H,2,Welshy,0,0,
01/02/2025,Sheff Utd,Derby,H,2.15,Ben,1,0,
01/02/2025,Birmingham,Rotherham,H,1.6,Hook,1,0,
01/02/2025,Wycombe,Cambridge,A,1.9,Bailey,0,0,
01/02/2025,Wrexham,Crawley Town,A,1.85,Doug,1,0,
01/02/2025,Doncaster,Milton Keynes Dons,H,1.615384615,Alec,1,0,
01/02/2025,Walsall,Salford City,H,1.727272727,James,0,0,
15/02/2025,Man City,Newcastle,H,2.05,Hook,1,0,
15/02/2025,Bournemouth,Southampton,A,1.48,Harry,1,0,
15/02/2025,Nottm Forest,Fulham,A,3.5,Welshy,0,0,
15/02/2025,Sheff Utd,Luton,A,2.15,Bailey,1,0,
15/02/2025,Blackburn,Plymouth,H,1.7,Lee,1,0,
15/02/2025,Aston Villa,Ipswich,H,1.45,Sam,0,0,
15/02/2025,Birmingham,Charlton,H,1.615384615,Doug,1,0,
15/02/2025,Wycombe,Crawley Town,A,1.85,Ben,0,0,
15/02/2025,Colchester,Carlisle,A,2.45,Alec,0,0,
15/02/2025,Real Madrid,Osasuna,A,1.5,Scuba,0,0,
15/02/2025,Peterhead,Clyde,H,1.727272727,James,0,0,
22/02/2025,Arsenal,West Ham,H,1.3,Harry,0,0,
22/02/2025,Bournemouth,Wolverhampton,H,1.571428571,Lee,0,0,
22/02/2025,Tottenham,Ipswich,A,1.909090909,Scuba,1,0,
22/02/2025,Brighton,Southampton,H,1.48,Sam,1,0,
22/02/2025,Portsmouth,QPR,H,2.4,Hook,1,0,
22/02/2025,Coventry,Preston,H,1.9,Welshy,1,0,
22/02/2025,Huddersfield,Peterborough,H,1.727272727,Doug,0,0,
22/02/2025,Wrexham,Mansfield,A,2.2,Bailey,1,0,
22/02/2025,Notts County,Tranmere,H,1.533333333,Alec,1,0,
22/02/2025,Port Vale,Salford City,H,2.1,Ben,1,0,
22/02/2025,Cove Rangers,Dumbarton,H,1.615384615,James,1,0,
01/03/2025,Bournemouth,Wolverhampton,H,1.7,Sam,0,0,
01/03/2025,Middlesborough,Derby,H,1.65,Hook,1,0,
01/03/2025,Portsmouth,Luton,A,3.7,Welshy,0,0,
01/03/2025,Stockport,Blackpool,H,1.8,Lee,1,0,
01/03/2025,Burton Albion,Mansfield,H,2.05,Scuba,0,0,
01/03/2025,Walsall,Swindon,H,1.833333333,Bailey,0,0,
01/03/2025,Barnet,Oldham,A,2.2,Ben,1,0,
01/03/2025,Celtic,St Mirren,A,1.333333333,Doug,1,0,
01/03/2025,Falkirk,Hamilton,A,1.5,James,0,0,
01/03/2025,Lens,Le Havre,H,1.38,Alec,1,1,
01/03/2025,Marseille,Nantes,H,1.4,Harry,1,0,
08/03/2025,Brighton,Fulham,H,2,Harry,1,0,
08/03/2025,Crystal Palace,Ipswich,H,1.55,Lee,1,0,
08/03/2025,Chelsea,Leicester,H,1.2,Sam,1,0,
08/03/2025,Burnley,Luton,H,1.615384615,Ben,1,0,
08/03/2025,Sunderland,Cardiff,H,1.55,Bailey,1,0,
08/03/2025,West Brom,QPR,H,1.75,Welshy,1,0,
08/03/2025,Leeds,Portsmouth,A,1.4,Scuba,0,0,
08/03/2025,Wrexham,Rotherham,H,1.85,Hook,1,0,
08/03/2025,Bolton,Burton Albion,A,1.95,Doug,1,0,
08/03/2025,Doncaster,Swindon,H,1.666666667,James,1,1,
08/03/2025,Bromley,Tranmere,A,3,Alec,0,0,
15/03/2025,Nottm Forest,Ipswich,A,1.95,Harry,1,0,
15/03/2025,Brentford,Bournemouth,A,4.1,Welshy,1,0,
15/03/2025,Everton,West Ham,H,2.15,Sam,0,0,
15/03/2025,Blackburn,Cardiff,H,1.95,Lee,0,0,
15/03/2025,Blackpool,Leyton Orient,H,2,Hook,0,0,
15/03/2025,Charlton,Wigan,H,1.6,Alec,1,0,
15/03/2025,Barnsley,Mansfield,A,2.625,Ben,0,0,
15/03/2025,Birmingham,Northampton,A,1.7,James,0,0,
15/03/2025,Bradford,Tranmere,H,1.571428571,Bailey,0,0,
15/03/2025,Roma,Cagliari,H,1.5,Doug,1,0,
15/03/2025,Bayer Leverkusen,VfB Stuttgart,A,2.3,Scuba,1,0,
29/03/2025,Burnley,Bristol City,H,1.727272727,Ben,1,0,
29/03/2025,Middlesborough,Oxford Utd,H,1.571428571,Bailey,1,0,
29/03/2025,Portsmouth,Blackburn,H,2.2,Welshy,1,0,
29/03/2025,Leeds,Swansea,H,1.2,Harry,0,0,
29/03/2025,Birmingham,Shrewsbury,H,1.25,Sam,1,0,
29/03/2025,Mansfield,Bristol Rovers,A,2.05,Lee,1,0,
29/03/2025,Wrexham,Exeter,H,1.909090909,Scuba,1,0,
29/03/2025,Wycombe,Lincoln City,H,1.833333333,Hook,1,0,
29/03/2025,Doncaster,Carlisle,H,1.533333333,Alec,1,0,
29/03/2025,PSG,St Etienne,A,1.166666667,Doug,1,0,
29/03/2025,Ayr,Dunfermline,H,1.8,James,1,0,
05/04/2025,Barcelona,Real Betis,H,1.42,Scuba,0,0,
05/04/2025,PSG,Angers,H,1.111111111,Harry,1,0,
05/04/2025,Bournemouth,West Ham,A,2.3,Sam,0,0,
05/04/2025,Sheff Utd,Oxford Utd,A,1.727272727,Doug,0,0,
05/04/2025,Norwich,Plymouth,A,1.8,Bailey,0,0,
05/04/2025,Sheff Wed,Hull,H,2.05,Welshy,0,0,
05/04/2025,Millwall,Portsmouth,H,2.25,Ben,1,0,
05/04/2025,Birmingham,Barnsley,H,1.333333333,James,1,0,
05/04/2025,Charlton,Lincoln City,H,1.7,Alec,0,0,
05/04/2025,Stockport,Exeter,A,2,Lee,1,0,
05/04/2025,Bromley,Accrington Stanley,H,2.15,Hook,1,0,
12/04/2025,Nottm Forest,Everton,H,1.95,Bailey,0,0,
12/04/2025,Brighton,Leicester,H,1.285714286,Sam,0,0,
12/04/2025,Reading,Northampton,A,2.9,Alec,0,0,
12/04/2025,Peterhead,Spartans FC,H,1.571428571,James,1,0,
12/04/2025,Sunderland,Swansea,H,1.75,Lee,0,0,
12/04/2025,Aston Villa,Southampton,A,1.5,Harry,1,0,
12/04/2025,Port Vale,Bromley,H,1.7,Hook,1,0,
12/04/2025,Leyton Orient,Crawley Town,A,2.1,Ben,1,0,
12/04/2025,Stockport,Rotherham,H,1.615384615,Welshy,1,0,
12/04/2025,Arsenal,Brentford,H,1.615384615,Scuba,0,0,
12/04/2025,Birmingham,Peterborough,Neutral,1.48,Doug,0,0,
18/04/2025,Burnley,Watford,A,1.666666667,Bailey,1,0,
18/04/2025,Reading,Lincoln City,H,2.05,Hook,0,0,
18/04/2025,Swansea,Hull,H,2.15,Welshy,1,0,
18/04/2025,Wrexham,Bristol Rovers,H,1.42,Alec,0,0,
18/04/2025,Stockport,Peterborough,A,2.05,Lee,0,0,
18/04/2025,Falkirk,Raith,H,1.533333333,James,0,0, 
18/04/2025,Bromley,Morecambe,H,1.95,Ben,1,0,
18/04/2025,Atletico Madrid,Las Palmas,A,1.55,Scuba,0,0,
18/04/2025,Charlton,Northampton,H,1.5,Doug,1,0,
18/04/2025,Leeds,Oxford Utd,A,1.333333333,Sam,1,0,
18/04/2025,Kidderminster,Rushall Olympic,A,1.285714286,Harry,1,0,
21/04/2025,Stockport,Huddersfield,H,1.727272727,Doug,1,0,
21/04/2025,Bristol City,Luton,A,2.9,Bailey,0,0,
21/04/2025,Wycombe,Charlton,H,2.05,Hook,0,0,
21/04/2025,Leeds,Stoke,H,1.27,Welshy,1,0,
21/04/2025,Portsmouth,Watford,H,1.8,Ben,1,0,
21/04/2025,Wrexham,Blackpool,A,2.7,James,1,0,
21/04/2025,Sunderland,Blackburn,H,2.1,Lee,0,0,
21/04/2025,Birmingham,Burton Albion,A,1.75,Scuba,1,0,
21/04/2025,Brackley,Leamington,A,1.5,Sam,0,0,
21/04/2025,Rochdale,AFC Fylde,H,1.333333333,Alec,0,0,
21/04/2025,Torquay,Weymouth,H,1.42,Harry,1,0,
26/04/2025,Brighton,West Ham,H,1.7,Lee,1,0,
26/04/2025,Wolverhampton,Leicester,H,1.48,Harry,1,0,
26/04/2025,Fulham,Southampton,A,1.6,Ben,1,0,
26/04/2025,Liverpool,Tottenham,H,1.25,Sam,1,0,
26/04/2025,Newcastle,Ipswich,H,1.166666667,Alec,1,0,
26/04/2025,Rangers,St Mirren,A,1.7,Bailey,0,0,
26/04/2025,Stockport,Lincoln City,H,1.8,James,1,0,
26/04/2025,Wrexham,Charlton,H,2.35,Hook,1,0,
26/04/2025,Barnsley,Shrewsbury,H,1.48,Scuba,0,0,
26/04/2025,Cheltenham,Carlisle,H,2.7,Welshy,1,0,
26/04/2025,Barnet,Aldershot,H,1.285714286,Doug,1,0,
03/05/2025,Blackpool,Bristol Rovers,H,1.615384615,Lee,1,0,
03/05/2025,Leyton Orient,Huddersfield,A,1.8,Bailey,1,0,
03/05/2025,Crawley,Shrewsbury,A,2.25,Ben,1,0,
03/05/2025,Port Vale,Gillingham,H,1.615384615,Hook,0,0,
03/05/2025,Wrexham,Lincoln City,A,2.45,Welshy,1,0,
03/05/2025,Everton,Ipswich,H,1.48,Harry,1,1,
03/05/2025,Barcelona,Valladolid,A,1.142857143,Doug,1,0,
03/05/2025,Chelsea,Liverpool,H,2.1,Sam,1,0,
03/05/2025,Borussia Dortmund,Wolfsburg,H,1.3,Alec,1,0,
03/05/2025,Napoli,Lecce,A,1.533333333,James,1,0,
03/05/2025,Inter Milan,Verona,H,1.363636364,Scuba,1,0,
10/05/2025,Man City,Southampton,A,1.2,Harry,0,0,
10/05/2025,Fulham,Everton,H,1.75,Hook,0,0,
10/05/2025,Brighton,Wolverhampton,A,2.35,Sam,1,0,
10/05/2025,Brentford,Ipswich,A,1.533333333,Scuba,1,0,
10/05/2025,Crystal Palace,Tottenham,A,2.45,Bailey,1,0,
10/05/2025,Dundee Utd,St Mirren,H,2.35,Ben,0,0,
10/05/2025,SC Freiburg,Holstein Kiel,A,2,Alec,1,0,
10/05/2025,Bayern Munich,Borussia M'gladbach,H,1.125,Doug,1,0,
10/05/2025,Mallorca,Valladolid,H,1.38,Welshy,1,0,
10/05/2025,Celta Vigo,Sevilla,H,1.833333333,Lee,1,0,
10/05/2025,Strasbourg,Angers,A,1.75,James,0,0,
02/08/2025,Plymouth,Barnsley,H,2.9,Welshy,0,0,
02/08/2025,Blackpool,Stevenage,H,2.35,Hook,0,0,
02/08/2025,Wigan,Northampton,H,1.95,Lee,1,0,
02/08/2025,Rotherham,Port Vale,H,3,Sam,1,0,
02/08/2025,Milton Keynes Dons,Oldham,H,1.615384615,Ben,0,0,
02/08/2025,Chesterfield,Barrow,H,1.8,Alec,1,0,
02/08/2025,Salford City,Crewe,H,1.75,James,0,0,
02/08/2025,Bristol Rovers,Harrogate Town,H,1.833333333,Doug,0,0,
02/08/2025,Notts County,Newport County,A,1.727272727,Bailey,0,0,
02/08/2025,Barnet,Fleetwood Town,H,2.05,Scuba,0,0,
02/08/2025,Rangers,Motherwell,A,1.55,Harry,0,0,
09/08/2025,Bradford,Northampton,A,2.2,Alec,0,0,
09/08/2025,Blackpool,Exeter,A,2.05,Ben,0,0,
09/08/2025,Rangers,Dundee,H,1.142857143,Harry,0,0,
09/08/2025,Celtic,Aberdeen,A,1.444444444,Scuba,1,0,
09/08/2025,Forest Green,Solihull Moors,A,2.15,Doug,0,0,
09/08/2025,Norwich,Millwall,H,2.1,Welshy,0,0,
09/08/2025,West Brom,Blackburn,H,1.85,Hook,1,0,
09/08/2025,Middlesborough,Swansea,H,2,Lee,1,0,
09/08/2025,QPR,Preston,H,2.55,Sam,0,0,
09/08/2025,Sheff Utd,Bristol City,H,1.727272727,Bailey,0,0,
09/08/2025,Bolton,Plymouth,H,1.666666667,James,1,0,
16/08/2025,Carlisle,Boreham Wood,H,1.6,Doug,1,1,
16/08/2025,Huddersfield,Blackpool,A,2.2,Hook,0,0,
16/08/2025,Crewe,Crawley Town,H,1.727272727,Bailey,1,0,
16/08/2025,Brighton,Fulham,H,1.85,Lee,0,0,
16/08/2025,Man City,Wolverhampton,A,1.444444444,Alec,1,0,
16/08/2025,Stockport,Leyton Orient,A,2.45,Welshy,1,1,
16/08/2025,Leicester,Preston,A,2,James,0,0,
16/08/2025,West Ham,Sunderland,A,2.2,Sam,0,0,
16/08/2025,Tranmere,Gillingham,H,2.1,Ben,0,0,
16/08/2025,Stoke,Sheff Wed,A,1.1,Scuba,1,0,
16/08/2025,Tottenham,Burnley,H,1.444444444,Harry,1,0,
24/08/2025,Bournemouth,Wolverhampton,H,1.75,Bailey,1,0,
24/08/2025,Aston Villa,Brentford,A,2.2,Ben,0,0,
24/08/2025,Arsenal,Leeds,H,1.333333333,Sam,1,0,
24/08/2025,Man Utd,Fulham,A,2.15,Harry,0,0,
24/08/2025,Wrexham,Sheff Wed,H,1.6,Lee,1,1,
24/08/2025,Birmingham,Oxford Utd,H,1.45,Welshy,1,0,
24/08/2025,Northampton,Exeter,H,2.2,Hook,1,0,
24/08/2025,Bradford,Peterborough,A,2.05,Alec,0,0,
24/08/2025,Huddersfield,Stevenage,H,2.1,James,1,0,
24/08/2025,Southend,Truro City,A,1.571428571,Doug,1,0,
24/08/2025,Barcelona,Levante,A,1.25,Scuba,1,0,
30/08/2025,Man Utd,Burnley,H,1.42,Harry,1,0,
30/08/2025,Newcastle,Leeds,A,2.15,Sam,0,0,
30/08/2025,Man City,Brighton,A,1.85,James,0,0,
30/08/2025,Tottenham,Bournemouth,H,1.9,Ben,0,0,
30/08/2025,Coventry,Oxford Utd,A,1.7,Lee,0,0,
30/08/2025,Luton,Burton Albion,A,1.727272727,Scuba,1,0,
30/08/2025,Reading,Port Vale,H,2.4,Hook,1,0,
30/08/2025,Grimsby,Bristol Rovers,H,2,Welshy,0,0,
30/08/2025,Chesterfield,Crawley Town,H,1.55,Alec,0,0,
30/08/2025,Celtic,Rangers,A,1.8,Bailey,0,0,
30/08/2025,Carlisle,Sutton Utd,A,1.666666667,Doug,0,0,
06/09/2025,Huddersfield,Peterborough,H,1.45,Lee,1,0,
06/09/2025,Stockport,Plymouth,A,2.15,Ben,0,0,
06/09/2025,Barnet,Shrewsbury,H,1.65,Welshy,0,0,
06/09/2025,Notts County,Fleetwood Town,H,2.1,Hook,1,0,
06/09/2025,Swindon,Barrow,A,2.2,Bailey,1,0,
06/09/2025,Carlisle,Truro City,H,1.38,James,1,0,
06/09/2025,Rochdale,Braintree Town,H,1.4,Alec,1,0,
06/09/2025,South Shields,Southport,A,1.8,Doug,0,0,
06/09/2025,AFC Fylde,Peterborough Sports,A,1.833333333,Scuba,1,0,
06/09/2025,Hampton & Richmond,Chippenham Town,A,3.2,Harry,0,0,
06/09/2025,Weston Super Mare,Enfield Town,A,1.9,Sam,1,0,
13/09/2025,Crystal Palace,Sunderland,H,1.727272727,Lee,0,0,
13/09/2025,Fulham,Leeds,H,1.95,Harry,1,0,
13/09/2025,Chelsea,Brentford,H,1.909090909,Bailey,0,0,
13/09/2025,Newcastle,Wolverhampton,H,1.4,Sam,1,0,
13/09/2025,West Brom,Derby,H,1.75,James,0,0,
13/09/2025,Watford,Blackburn,H,2.25,Hook,0,0,
13/09/2025,Swansea,Hull,H,1.75,Welshy,0,0,
13/09/2025,Wrexham,QPR,H,1.9,Ben,0,0,
13/09/2025,Luton,Plymouth,H,1.55,Scuba,0,0,
13/09/2025,Bristol Rovers,Barrow,H,1.833333333,Alec,1,0,
13/09/2025,Rochdale,Truro City,A,1.7,Doug,1,0,
20/09/2025,Wolverhampton,Leeds,H,2.8,Harry,0,0,
20/09/2025,Nottm Forest,Burnley,A,2.25,Lee,0,0,
20/09/2025,Chelsea,Man Utd,A,2.55,Bailey,0,0,
20/09/2025,Tottenham,Brighton,A,3.1,Sam,0,0,
20/09/2025,Preston,Derby,A,3.2,Welshy,1,0,
20/09/2025,Sheff Utd,Charlton,H,1.8,Hook,0,0,
20/09/2025,Bristol City,Oxford Utd,H,1.6,James,0,0,
20/09/2025,Plymouth,Peterborough,H,1.85,Ben,0,0,
20/09/2025,Weston Super Mare,Chesham,H,1.8,Doug,1,0,
20/09/2025,Juventus,Verona,A,1.533333333,Alec,0,0,
20/09/2025,Midtjylland,Viborg,H,1.56,Scuba,1,0,
27/09/2025,Chelsea,Brighton,H,1.85,Harry,0,0,
27/09/2025,Bournemouth,Leeds,A,2.5,Lee,0,0,
27/09/2025,Tottenham,Wolverhampton,H,1.571428571,Alec,0,0,
27/09/2025,Nottm Forest,Sunderland,H,1.727272727,Sam,0,0,
27/09/2025,Stoke,Norwich,H,1.85,Welshy,0,0,
27/09/2025,Luton,Doncaster,H,1.727272727,Ben,1,0,
27/09/2025,Swindon,Bromley,H,2.1,Hook,1,0,
27/09/2025,Juventus,Atalanta,H,1.909090909,James,0,0,
27/09/2025,PSV,Excelsior,A,1.363636364,Scuba,1,0,
27/09/2025,Sporting,Estoril,A,1.19,Doug,1,0,
27/09/2025,Bradford,Blackpool,H,2.05,Bailey,1,0,
04/10/2025,Liverpool,Chelsea,A,2.3,Harry,0,0,
04/10/2025,Arsenal,West Ham,H,1.181818182,Lee,1,0,
04/10/2025,Sunderland,Man Utd,A,5.25,Sam,0,0,
04/10/2025,Brighton,Wolverhampton,A,2,Bailey,0,0,
04/10/2025,Middlesborough,Portsmouth,A,2.35,Alec,0,0,
04/10/2025,AFC Wimbledon,Blackpool,A,3.6,Welshy,1,0,
04/10/2025,Lincoln City,Exeter,H,1.6,James,0,0,
04/10/2025,Stevenage,Luton,H,2.7,Hook,1,0,
04/10/2025,Cheltenham,Fleetwood Town,H,3.4,Ben,1,0,
04/10/2025,Spennymoor Town,Southport,H,1.833333333,Doug,1,0,
04/10/2025,PSV,PEC Zwolle,A,1.42,Scuba,1,0,
11/10/2025,Norway,Israel,H,1.222222222,Lee,1,0,
11/10/2025,Hungary,Armenia,H,1.333333333,Sam,1,0,
11/10/2025,England,Latvia,A,1.05,Harry,1,0,
11/10/2025,Leyton Orient,Doncaster,H,2.15,Ben,1,0,
11/10/2025,Bolton,Burton Albion,A,1.75,Scuba,0,0,
11/10/2025,Exeter,Reading,H,3.1,Welshy,0,0,
11/10/2025,Grimsby,Colchester,H,1.85,James,0,0,
11/10/2025,Braintree Town,Farnborough,H,2,Alec,1,0,
11/10/2025,Weston Super Mare,Needham Market,H,1.45,Doug,1,0,
11/10/2025,Scunthorpe,Kings Lynn Town,H,1.85,Hook,1,0,
11/10/2025,Rochdale,York,H,2.5,Bailey,0,0,
18/10/2025,Man City,Everton,H,1.42,Welshy,1,0,
18/10/2025,Sunderland,Wolverhampton,H,2.55,Lee,1,0,
18/10/2025,Arsenal,Fulham,A,1.48,Sam,1,0,
18/10/2025,Tottenham,Aston Villa,H,2,Harry,0,0,
18/10/2025,Leicester,Portsmouth,H,1.615384615,James,0,0,
18/10/2025,Barnet,Notts County,H,2,Hook,0,0,
18/10/2025,Chesterfield,Fleetwood Town,H,1.8,Ben,0,0,
18/10/2025,Napoli,Torino,A,1.8,Bailey,0,0,
18/10/2025,Club Brugge,OH Leuven,A,1.666666667,Scuba,1,0,
18/10/2025,Halifax,Truro City,A,2.15,Doug,0,0,
18/10/2025,Scarborough Athletic,AFC Telford,A,2.3,Alec,0,0,
25/10/2025,Newcastle,Fulham,H,1.571428571,Sam,1,0,
25/10/2025,Chelsea,Sunderland,H,1.45,Lee,0,0,
25/10/2025,Man City,Aston Villa,A,1.8,Bailey,0,0,
25/10/2025,Bournemouth,Nottm Forest,H,1.833333333,Harry,1,0,
25/10/2025,Millwall,Leicester,H,3,Welshy,1,0,
25/10/2025,Middlesborough,Wrexham,H,1.727272727,James,0,0,
25/10/2025,AFC Wimbledon,Burton Albion,H,1.95,Hook,0,0,
25/10/2025,Swindon,Colchester,H,2.2,Ben,0,0,
25/10/2025,Sporting,Tondela,A,1.222222222,Doug,1,0,
25/10/2025,Midtjylland,FC Fredericia,A,1.35,Alec,1,0,
25/10/2025,Club Brugge,Antwerp,A,1.65,Scuba,1,0,
01/11/2025,Brighton,Leeds,H,1.95,Harry,1,0,
01/11/2025,Man Utd,Nottm Forest,A,2.05,Bailey,0,0,
01/11/2025,Fulham,Wolverhampton,H,1.75,Ben,1,0,
01/11/2025,Tottenham,Chelsea,H,2.9,Lee,0,0,
01/11/2025,Arsenal,Burnley,A,1.25,Sam,1,0,
01/11/2025,Middlesborough,Watford,A,2.625,James,0,0,
01/11/2025,Real Madrid,Valencia,H,1.181818182,Alec,1,0,
01/11/2025,Athletic Bilbao,Real Sociedad,A,2.75,Welshy,0,0,
01/11/2025,Club Brugge,Dender,H,1.27,Doug,1,0,
01/11/2025,Benfica,Guimaraes,A,1.45,Scuba,1,0,
01/11/2025,Macclesfield FC,AFC Totton,H,2,Hook,1,0,
08/11/2025,Burnley,West Ham,A,4.1,Welshy,0,0,
08/11/2025,Arsenal,Sunderland,A,1.48,Harry,0,0,
08/11/2025,Chelsea,Wolverhampton,H,1.4,Sam,1,0,
08/11/2025,Everton,Fulham,H,2.3,Lee,1,0,
08/11/2025,Ipswich,Swansea,A,2.2,Alec,1,0,
08/11/2025,Bolton,Port Vale,H,1.727272727,Scuba,1,0,
08/11/2025,Stockport,Luton,H,2,Hook,0,0,
08/11/2025,Hearts,Dundee Utd,H,1.4,Bailey,0,0,
08/11/2025,Barcelona,Celta Vigo,A,1.7,James,1,0,
08/11/2025,Weston Super Mare,Eastbourne Borough,A,2.25,Doug,1,0,
08/11/2025,Cardiff,Blackpool,A,1.95,Ben,0,0,
22/11/2025,Liverpool,Nottm Forest,H,1.42,Harry,0,0,
22/11/2025,Bournemouth,West Ham,H,1.7,Welshy,0,0,
22/11/2025,Crystal Palace,Wolverhampton,A,1.8,Bailey,1,0,
22/11/2025,Fulham,Sunderland,H,2.1,Lee,1,0,
22/11/2025,Man City,Newcastle,A,2,Sam,0,0,
22/11/2025,Middlesborough,Oxford Utd,A,2.1,Ben,0,0,
22/11/2025,Millwall,Portsmouth,A,3.1,Alec,0,0,
22/11/2025,Bromley,Salford City,A,2.25,Hook,1,0,
22/11/2025,York,Brackley,A,1.38,Doug,1,0,
22/11/2025,Barcelona,Athletic Bilbao,H,1.4,James,1,0,
22/11/2025,Feyenoord,NEC,H,1.42,Scuba,0,0,
29/11/2025,Man City,Leeds,H,1.25,James,1,0,
29/11/2025,Bournemouth,Sunderland,A,2.35,Lee,1,1,
29/11/2025,Brentford,Burnley,H,1.5,Welshy,1,0,
29/11/2025,Newcastle,Everton,A,2.6,Sam,1,0,
29/11/2025,Tottenham,Fulham,H,2.2,Harry,0,0,
29/11/2025,Aston Villa,Wolverhampton,H,1.5,Bailey,1,0,
29/11/2025,Preston,Sheff Wed,A,2.25,Ben,1,0,
29/11/2025,Doncaster,Peterborough,H,2.1,Hook,1,0,
29/11/2025,York,Aldershot,H,1.2,Doug,1,0,
29/11/2025,Hartlepool,Truro City,H,1.65,Alec,1,0,
29/11/2025,Marseille,Toulouse,H,1.6,Scuba,0,0,
06/12/2025,Newcastle,Burnley,H,1.3,Lee,1,0,
06/12/2025,Man City,Sunderland,H,1.3,Sam,1,0,
06/12/2025,Coventry,Ipswich,A,3.2,Welshy,0,0,
06/12/2025,Southampton,Birmingham,H,2.35,Ben,1,0,
06/12/2025,Milton Keynes Dons,Oldham,H,1.8,Hook,1,0,
06/12/2025,FC Porto,Tondela,A,1.222222222,Doug,1,0,
06/12/2025,Olympiacos,OFI Crete,H,1.08,Alec,1,0,
06/12/2025,Lens,Nantes,A,1.666666667,Bailey,1,0,
06/12/2025,PSG,Rennes,H,1.3,James,1,0,
06/12/2025,Bayern Munich,VfB Stuttgart,A,1.5,Harry,1,0,
06/12/2025,Real Madrid,Celta Vigo,H,1.285714286,Scuba,0,0,
13/12/2025,Chelsea,Everton,H,1.7,Harry,1,0,
13/12/2025,Fulham,Burnley,A,2,Sam,1,0,
13/12/2025,Middlesborough,QPR,H,1.9,Lee,1,0,
13/12/2025,Coventry,Bristol City,H,1.571428571,Ben,1,0,
13/12/2025,Ipswich,Leicester,A,2.25,Welshy,0,0,
13/12/2025,Bolton,Exeter,H,1.444444444,James,1,0,
13/12/2025,Bradford,Reading,H,2.05,Hook,1,0,
13/12/2025,Walsall,Shrewsbury,H,1.7,Bailey,0,0,
13/12/2025,York,Clitheroe,A,1.333333333,Doug,0,0,
13/12/2025,Real Madrid,CD Alaves,A,1.615384615,Scuba,1,0,
13/12/2025,PAOK Salonika,Atromitos Athinon,A,1.416666667,Alec,0,0,
